"fold","Accuracy","Kappa","AccuracyLower","AccuracyUpper","AccuracyNull","AccuracyPValue","McnemarPValue","model"
1,0.754401408450704,0.69159691503502,0.728291051038928,0.779187171726419,0.259683098591549,1.81611303751542e-265,NA,"RF"
1,0.452464788732394,0.303125221905746,0.423235892040081,0.481940439572791,0.259683098591549,1.42423998655725e-44,NA,"MN"
2,0.767400881057269,0.708064470557517,0.74170593483164,0.791701724439932,0.259911894273128,4.58878229289864e-279,NA,"RF"
2,0.470484581497797,0.32603613786453,0.441115035548265,0.500007469098766,0.259911894273128,2.28336724071726e-52,NA,"MN"
3,0.767605633802817,0.707070933990746,0.741929470149118,0.791887857942477,0.259683098591549,7.81971110232831e-280,NA,"RF"
3,0.470070422535211,0.323685811061389,0.44071644307304,0.499579757450316,0.259683098591549,2.4007551755705e-52,NA,"MN"
4,0.76056338028169,0.698706941523256,0.734651600933837,0.785118219320307,0.259683098591549,4.10919488031773e-272,NA,"RF"
4,0.477112676056338,0.33523729773662,0.447718806294772,0.506625345330818,0.259683098591549,1.25845390193058e-55,NA,"MN"
5,0.761233480176212,0.699665378107116,0.735331836402865,0.78577345389481,0.259911894273128,2.61499346340849e-272,NA,"RF"
5,0.455506607929515,0.306497427901656,0.426240505448486,0.485003877224917,0.259911894273128,1.01903504850361e-45,NA,"MN"
