"fold","Accuracy","Kappa","AccuracyLower","AccuracyUpper","AccuracyNull","AccuracyPValue","McnemarPValue","model"
1,0.725468577728776,0.651235730875667,0.695172704315931,0.754291969469218,0.265711135611907,7.9827860392646e-183,NA,"RF"
1,0.461962513781698,0.313387224127687,0.429134550521306,0.495038264997566,0.265711135611907,8.39857461244175e-37,NA,"MN"
2,0.76431718061674,0.700974734464112,0.735328052813166,0.791579909002751,0.265418502202643,2.60496825628814e-215,NA,"RF"
2,0.482378854625551,0.339263181526123,0.449428890997053,0.515443474626398,0.265418502202643,2.79043406076664e-44,NA,"MN"
3,0.733773377337734,0.661812160913567,0.703763270145472,0.762259805564568,0.265126512651265,2.30597607300841e-190,NA,"RF"
3,0.429042904290429,0.269085433021459,0.3965925962381,0.46195449502897,0.265126512651265,1.16678160730817e-26,NA,"MN"
4,0.733480176211454,0.661568696305743,0.703443769412537,0.761993134392894,0.26431718061674,1.08688255381397e-190,NA,"RF"
4,0.454845814977974,0.306286116461698,0.422097812979664,0.487887645941391,0.26431718061674,5.51989708661046e-35,NA,"MN"
5,0.737596471885336,0.666053019145803,0.707671921113922,0.765968800402711,0.264608599779493,1.60607509386892e-193,NA,"RF"
5,0.475192943770673,0.329209762949083,0.442267810885279,0.508279671674884,0.264608599779493,6.25699738965821e-42,NA,"MN"
